/*
SQLyog Community Edition- MySQL GUI v8.01 
MySQL - 5.1.31-community : Database - myamate_dropbox
*********************************************************************
*/

/*!40101 SET NAMES utf8 */;

/*!40101 SET SQL_MODE=''*/;

/*!40014 SET @OLD_FOREIGN_KEY_CHECKS=@@FOREIGN_KEY_CHECKS, FOREIGN_KEY_CHECKS=0 */;
/*!40101 SET @OLD_SQL_MODE=@@SQL_MODE, SQL_MODE='NO_AUTO_VALUE_ON_ZERO' */;


USE `ambitos_dropbox`;

/*Table structure for table `catched_errors` */

DROP TABLE IF EXISTS `catched_errors`;

CREATE TABLE `catched_errors` (
  `catched_errors_date` datetime DEFAULT '0000-00-00 00:00:00',
  `catched_errors_ip` varchar(255) DEFAULT NULL,
  `catched_errors_agent` varchar(255) DEFAULT NULL,
  `catched_errors_error` text
) ENGINE=InnoDB DEFAULT CHARSET=utf8;

/*Data for the table `catched_errors` */

insert  into `catched_errors`(`catched_errors_date`,`catched_errors_ip`,`catched_errors_agent`,`catched_errors_error`) values ('2012-03-13 10:36:15','127.0.0.1','Mozilla/5.0 (Windows NT 6.1) AppleWebKit/535.11 (KHTML, like Gecko) Chrome/17.0.963.79 Safari/535.11',' upload.class.php Line 348: Query was empty'),('2012-03-13 10:40:58','127.0.0.1','Mozilla/5.0 (Windows NT 6.1) AppleWebKit/535.11 (KHTML, like Gecko) Chrome/17.0.963.79 Safari/535.11',' upload.class.php Line 348: Query was empty'),('2012-03-13 10:53:44','127.0.0.1','Mozilla/5.0 (Windows NT 6.1) AppleWebKit/535.11 (KHTML, like Gecko) Chrome/17.0.963.79 Safari/535.11',' upload.class.php Line 348: Query was empty'),('2012-03-13 10:54:26','127.0.0.1','Mozilla/5.0 (Windows NT 6.1) AppleWebKit/535.11 (KHTML, like Gecko) Chrome/17.0.963.79 Safari/535.11',' upload.class.php Line 348: Query was empty'),('2012-03-13 10:55:22','127.0.0.1','Mozilla/5.0 (Windows NT 6.1) AppleWebKit/535.11 (KHTML, like Gecko) Chrome/17.0.963.79 Safari/535.11',' upload.class.php Line 348: Query was empty'),('2012-03-13 10:56:09','127.0.0.1','Mozilla/5.0 (Windows NT 6.1) AppleWebKit/535.11 (KHTML, like Gecko) Chrome/17.0.963.79 Safari/535.11',' upload.class.php Line 348: Query was empty'),('2012-03-13 11:24:52','127.0.0.1','Mozilla/5.0 (Windows NT 6.1) AppleWebKit/535.11 (KHTML, like Gecko) Chrome/17.0.963.79 Safari/535.11',' upload.class.php Line 348: Query was empty'),('2012-03-17 02:57:49','127.0.0.1','Mozilla/5.0 (Windows NT 6.1) AppleWebKit/535.11 (KHTML, like Gecko) Chrome/17.0.963.79 Safari/535.11',' upload.class.php Line 348: Query was empty'),('2012-03-17 03:48:33','127.0.0.1','Mozilla/5.0 (Windows NT 6.1) AppleWebKit/535.11 (KHTML, like Gecko) Chrome/17.0.963.79 Safari/535.11',' upload.class.php Line 348: Query was empty'),('2012-03-17 04:06:09','127.0.0.1','Mozilla/5.0 (Windows NT 6.1) AppleWebKit/535.11 (KHTML, like Gecko) Chrome/17.0.963.79 Safari/535.11',' upload.class.php Line 348: Query was empty'),('2012-03-17 04:09:19','127.0.0.1','Mozilla/5.0 (Windows NT 6.1) AppleWebKit/535.11 (KHTML, like Gecko) Chrome/17.0.963.79 Safari/535.11',' upload.class.php Line 348: Query was empty'),('2012-03-17 04:11:28','127.0.0.1','Mozilla/5.0 (Windows NT 6.1) AppleWebKit/535.11 (KHTML, like Gecko) Chrome/17.0.963.79 Safari/535.11',' upload.class.php Line 348: Query was empty'),('2012-03-17 04:12:10','127.0.0.1','Mozilla/5.0 (Windows NT 6.1) AppleWebKit/535.11 (KHTML, like Gecko) Chrome/17.0.963.79 Safari/535.11',' upload.class.php Line 348: Query was empty'),('2012-03-17 04:12:54','127.0.0.1','Mozilla/5.0 (Windows NT 6.1) AppleWebKit/535.11 (KHTML, like Gecko) Chrome/17.0.963.79 Safari/535.11',' upload.class.php Line 348: Query was empty'),('2012-03-17 04:17:01','127.0.0.1','Mozilla/5.0 (Windows NT 6.1) AppleWebKit/535.11 (KHTML, like Gecko) Chrome/17.0.963.79 Safari/535.11','addToDropbox.php line 75: Caught exception: Path &#039;/Antonis_Ampa&#039; not found (Status Code: 404)\n&lt;br&gt;'),('2012-03-17 04:17:01','127.0.0.1','Mozilla/5.0 (Windows NT 6.1) AppleWebKit/535.11 (KHTML, like Gecko) Chrome/17.0.963.79 Safari/535.11',' upload.class.php Line 348: Query was empty'),('2012-03-17 04:26:08','127.0.0.1','Mozilla/5.0 (Windows NT 6.1) AppleWebKit/535.11 (KHTML, like Gecko) Chrome/17.0.963.79 Safari/535.11','functions.php Line 59:Caught exception: Path &#039;/Myamatech(4)&#039; not found (Status Code: 404)\n&lt;br&gt;'),('2012-03-17 04:26:16','127.0.0.1','Mozilla/5.0 (Windows NT 6.1) AppleWebKit/535.11 (KHTML, like Gecko) Chrome/17.0.963.79 Safari/535.11',' upload.class.php Line 348: Query was empty'),('2012-03-17 04:27:14','127.0.0.1','Mozilla/5.0 (Windows NT 6.1) AppleWebKit/535.11 (KHTML, like Gecko) Chrome/17.0.963.79 Safari/535.11','functions.php Line 59:Caught exception: Path &#039;/_(1)&#039; not found (Status Code: 404)\n&lt;br&gt;'),('2012-03-17 04:27:19','127.0.0.1','Mozilla/5.0 (Windows NT 6.1) AppleWebKit/535.11 (KHTML, like Gecko) Chrome/17.0.963.79 Safari/535.11','Upload Files: 0'),('2012-03-17 04:27:20','127.0.0.1','Mozilla/5.0 (Windows NT 6.1) AppleWebKit/535.11 (KHTML, like Gecko) Chrome/17.0.963.79 Safari/535.11',' upload.class.php Line 348: Query was empty'),('2012-03-17 04:27:26','127.0.0.1','Mozilla/5.0 (Windows NT 6.1) AppleWebKit/535.11 (KHTML, like Gecko) Chrome/17.0.963.79 Safari/535.11','functions.php Line 59:Caught exception: Path &#039;/_(2)&#039; not found (Status Code: 404)\n&lt;br&gt;'),('2012-03-17 04:27:31','127.0.0.1','Mozilla/5.0 (Windows NT 6.1) AppleWebKit/535.11 (KHTML, like Gecko) Chrome/17.0.963.79 Safari/535.11','Upload Files: 0'),('2012-03-17 04:27:32','127.0.0.1','Mozilla/5.0 (Windows NT 6.1) AppleWebKit/535.11 (KHTML, like Gecko) Chrome/17.0.963.79 Safari/535.11',' upload.class.php Line 348: Query was empty'),('2012-03-17 04:30:38','127.0.0.1','Mozilla/5.0 (Windows NT 6.1) AppleWebKit/535.11 (KHTML, like Gecko) Chrome/17.0.963.79 Safari/535.11','functions.php Line 59:Caught exception: Path &#039;/myamatech(5)&#039; not found (Status Code: 404)\n&lt;br&gt;'),('2012-03-17 04:30:42','127.0.0.1','Mozilla/5.0 (Windows NT 6.1) AppleWebKit/535.11 (KHTML, like Gecko) Chrome/17.0.963.79 Safari/535.11',' upload.class.php Line 348: Query was empty'),('2012-03-17 04:31:54','127.0.0.1','Mozilla/5.0 (Windows NT 6.1) AppleWebKit/535.11 (KHTML, like Gecko) Chrome/17.0.963.79 Safari/535.11','functions.php Line 59:Caught exception: Path &#039;/myamatech(6)&#039; not found (Status Code: 404)\n&lt;br&gt;'),('2012-03-17 04:31:58','127.0.0.1','Mozilla/5.0 (Windows NT 6.1) AppleWebKit/535.11 (KHTML, like Gecko) Chrome/17.0.963.79 Safari/535.11',' upload.class.php Line 348: Query was empty'),('2012-03-17 04:34:43','127.0.0.1','Mozilla/5.0 (Windows NT 6.1) AppleWebKit/535.11 (KHTML, like Gecko) Chrome/17.0.963.79 Safari/535.11','functions.php Line 59:Caught exception: Path &#039;/myamatech(7)&#039; not found (Status Code: 404)\n&lt;br&gt;'),('2012-03-17 04:34:47','127.0.0.1','Mozilla/5.0 (Windows NT 6.1) AppleWebKit/535.11 (KHTML, like Gecko) Chrome/17.0.963.79 Safari/535.11',' upload.class.php Line 348: Incorrect integer value: &#039;&#039; for column &#039;upload_files_fileindex&#039; at row 1'),('2012-03-17 04:36:42','127.0.0.1','Mozilla/5.0 (Windows NT 6.1) AppleWebKit/535.11 (KHTML, like Gecko) Chrome/17.0.963.79 Safari/535.11','functions.php Line 59:Caught exception: Path &#039;/myamatech(8)&#039; not found (Status Code: 404)\n&lt;br&gt;'),('2012-03-17 04:43:21','127.0.0.1','Mozilla/5.0 (Windows NT 6.1) AppleWebKit/535.11 (KHTML, like Gecko) Chrome/17.0.963.79 Safari/535.11','functions.php Line 59:Caught exception: Path &#039;/Antonis_Ampa(1)&#039; not found (Status Code: 404)\n&lt;br&gt;'),('2012-03-17 04:43:25','127.0.0.1','Mozilla/5.0 (Windows NT 6.1) AppleWebKit/535.11 (KHTML, like Gecko) Chrome/17.0.963.79 Safari/535.11','Upload Files: 0'),('2012-03-17 04:43:33','127.0.0.1','Mozilla/5.0 (Windows NT 6.1) AppleWebKit/535.11 (KHTML, like Gecko) Chrome/17.0.963.79 Safari/535.11','functions.php Line 59:Caught exception: Path &#039;/Antonis_Ampa(2)&#039; not found (Status Code: 404)\n&lt;br&gt;'),('2012-03-17 04:43:37','127.0.0.1','Mozilla/5.0 (Windows NT 6.1) AppleWebKit/535.11 (KHTML, like Gecko) Chrome/17.0.963.79 Safari/535.11','Upload Files: 0'),('2012-03-17 04:43:46','127.0.0.1','Mozilla/5.0 (Windows NT 6.1) AppleWebKit/535.11 (KHTML, like Gecko) Chrome/17.0.963.79 Safari/535.11','functions.php Line 59:Caught exception: Path &#039;/Antonis_Ampa(3)&#039; not found (Status Code: 404)\n&lt;br&gt;'),('2012-03-17 04:43:50','127.0.0.1','Mozilla/5.0 (Windows NT 6.1) AppleWebKit/535.11 (KHTML, like Gecko) Chrome/17.0.963.79 Safari/535.11','Upload Files: 0'),('2012-03-17 04:51:36','127.0.0.1','Mozilla/5.0 (Windows NT 6.1) AppleWebKit/535.11 (KHTML, like Gecko) Chrome/17.0.963.79 Safari/535.11','addToDropbox.php line 75: Caught exception: Path &#039;/TestCompany&#039; not found (Status Code: 404)\n&lt;br&gt;'),('2012-03-17 04:51:36','127.0.0.1','Mozilla/5.0 (Windows NT 6.1) AppleWebKit/535.11 (KHTML, like Gecko) Chrome/17.0.963.79 Safari/535.11','Upload Files: 0'),('2012-03-17 04:51:45','127.0.0.1','Mozilla/5.0 (Windows NT 6.1) AppleWebKit/535.11 (KHTML, like Gecko) Chrome/17.0.963.79 Safari/535.11','functions.php Line 59:Caught exception: Path &#039;/TestCompany(1)&#039; not found (Status Code: 404)\n&lt;br&gt;'),('2012-03-17 04:51:54','127.0.0.1','Mozilla/5.0 (Windows NT 6.1) AppleWebKit/535.11 (KHTML, like Gecko) Chrome/17.0.963.79 Safari/535.11','Upload Files: 0'),('2012-03-17 05:22:27','127.0.0.1','Mozilla/5.0 (Windows NT 6.1) AppleWebKit/535.11 (KHTML, like Gecko) Chrome/17.0.963.79 Safari/535.11','addToDropbox.php line 75: Caught exception: Path &#039;/test_test&#039; not found (Status Code: 404)\n&lt;br&gt;'),('2012-03-17 05:22:32','127.0.0.1','Mozilla/5.0 (Windows NT 6.1) AppleWebKit/535.11 (KHTML, like Gecko) Chrome/17.0.963.79 Safari/535.11','functions.php Line 59:Caught exception: Path &#039;/test_test(1)&#039; not found (Status Code: 404)\n&lt;br&gt;'),('2012-03-17 05:22:44','127.0.0.1','Mozilla/5.0 (Windows NT 6.1) AppleWebKit/535.11 (KHTML, like Gecko) Chrome/17.0.963.79 Safari/535.11','functions.php Line 59:Caught exception: Path &#039;/test_test(2)&#039; not found (Status Code: 404)\n&lt;br&gt;'),('2012-03-17 05:31:09','127.0.0.1','Mozilla/5.0 (Windows NT 6.1) AppleWebKit/535.11 (KHTML, like Gecko) Chrome/17.0.963.79 Safari/535.11','addToDropbox.php line 75: Caught exception: Path &#039;/Uniq&#039; not found (Status Code: 404)\n&lt;br&gt;'),('2012-03-17 05:31:14','127.0.0.1','Mozilla/5.0 (Windows NT 6.1) AppleWebKit/535.11 (KHTML, like Gecko) Chrome/17.0.963.79 Safari/535.11','functions.php Line 59:Caught exception: Path &#039;/Uniq(1)&#039; not found (Status Code: 404)\n&lt;br&gt;'),('2012-03-17 05:31:24','127.0.0.1','Mozilla/5.0 (Windows NT 6.1) AppleWebKit/535.11 (KHTML, like Gecko) Chrome/17.0.963.79 Safari/535.11','functions.php Line 59:Caught exception: Path &#039;/Uniq(2)&#039; not found (Status Code: 404)\n&lt;br&gt;'),('2012-03-17 05:32:13','127.0.0.1','Mozilla/5.0 (Windows NT 6.1) AppleWebKit/535.11 (KHTML, like Gecko) Chrome/17.0.963.79 Safari/535.11','functions.php Line 59:Caught exception: Path &#039;/Uniq(3)&#039; not found (Status Code: 404)\n&lt;br&gt;'),('2012-03-17 05:40:28','127.0.0.1','Mozilla/5.0 (Windows NT 6.1) AppleWebKit/535.11 (KHTML, like Gecko) Chrome/17.0.963.79 Safari/535.11','functions.php Line 59:Caught exception: Path &#039;/uniq(4)&#039; not found (Status Code: 404)\n&lt;br&gt;'),('2012-03-17 05:40:34','127.0.0.1','Mozilla/5.0 (Windows NT 6.1) AppleWebKit/535.11 (KHTML, like Gecko) Chrome/17.0.963.79 Safari/535.11','Upload Files: 0'),('2012-03-17 05:41:14','127.0.0.1','Mozilla/5.0 (Windows NT 6.1) AppleWebKit/535.11 (KHTML, like Gecko) Chrome/17.0.963.79 Safari/535.11','functions.php Line 59:Caught exception: Path &#039;/uniq(5)&#039; not found (Status Code: 404)\n&lt;br&gt;'),('2012-03-17 05:41:19','127.0.0.1','Mozilla/5.0 (Windows NT 6.1) AppleWebKit/535.11 (KHTML, like Gecko) Chrome/17.0.963.79 Safari/535.11','Upload Files: 0'),('2012-03-17 05:41:36','127.0.0.1','Mozilla/5.0 (Windows NT 6.1) AppleWebKit/535.11 (KHTML, like Gecko) Chrome/17.0.963.79 Safari/535.11','functions.php Line 59:Caught exception: Path &#039;/uniq(6)&#039; not found (Status Code: 404)\n&lt;br&gt;'),('2012-03-17 05:41:40','127.0.0.1','Mozilla/5.0 (Windows NT 6.1) AppleWebKit/535.11 (KHTML, like Gecko) Chrome/17.0.963.79 Safari/535.11','Upload Files: 0'),('2012-03-17 05:43:33','127.0.0.1','Mozilla/5.0 (Windows NT 6.1) AppleWebKit/535.11 (KHTML, like Gecko) Chrome/17.0.963.79 Safari/535.11','addToDropbox.php line 75: Caught exception: Path &#039;/asdad&#039; not found (Status Code: 404)\n&lt;br&gt;'),('2012-03-17 05:43:37','127.0.0.1','Mozilla/5.0 (Windows NT 6.1) AppleWebKit/535.11 (KHTML, like Gecko) Chrome/17.0.963.79 Safari/535.11','functions.php Line 59:Caught exception: Path &#039;/asdad(1)&#039; not found (Status Code: 404)\n&lt;br&gt;'),('2012-03-17 05:43:48','127.0.0.1','Mozilla/5.0 (Windows NT 6.1) AppleWebKit/535.11 (KHTML, like Gecko) Chrome/17.0.963.79 Safari/535.11','functions.php Line 59:Caught exception: Path &#039;/asdad(2)&#039; not found (Status Code: 404)\n&lt;br&gt;'),('2012-03-17 05:44:01','127.0.0.1','Mozilla/5.0 (Windows NT 6.1) AppleWebKit/535.11 (KHTML, like Gecko) Chrome/17.0.963.79 Safari/535.11','functions.php Line 59:Caught exception: Path &#039;/asdad(3)&#039; not found (Status Code: 404)\n&lt;br&gt;'),('2012-03-17 05:48:18','127.0.0.1','Mozilla/5.0 (Windows NT 6.1) AppleWebKit/535.11 (KHTML, like Gecko) Chrome/17.0.963.79 Safari/535.11','functions.php Line 59:Caught exception: Path &#039;/_(3)&#039; not found (Status Code: 404)\n&lt;br&gt;'),('2012-03-17 05:48:33','127.0.0.1','Mozilla/5.0 (Windows NT 6.1) AppleWebKit/535.11 (KHTML, like Gecko) Chrome/17.0.963.79 Safari/535.11','addToDropbox.php line 75: Caught exception: Path &#039;/Anonis Company&#039; not found (Status Code: 404)\n&lt;br&gt;'),('2012-03-17 05:48:41','127.0.0.1','Mozilla/5.0 (Windows NT 6.1) AppleWebKit/535.11 (KHTML, like Gecko) Chrome/17.0.963.79 Safari/535.11','functions.php Line 59:Caught exception: Path &#039;/Anonis Company(1)&#039; not found (Status Code: 404)\n&lt;br&gt;'),('2012-03-17 05:50:43','127.0.0.1','Mozilla/5.0 (Windows NT 6.1) AppleWebKit/535.11 (KHTML, like Gecko) Chrome/17.0.963.79 Safari/535.11','functions.php Line 59:Caught exception: Path &#039;/_(4)&#039; not found (Status Code: 404)\n&lt;br&gt;'),('2012-03-17 05:52:10','127.0.0.1','Mozilla/5.0 (Windows NT 6.1) AppleWebKit/535.11 (KHTML, like Gecko) Chrome/17.0.963.79 Safari/535.11','functions.php Line 59:Caught exception: Path &#039;/myamatech(9)&#039; not found (Status Code: 404)\n&lt;br&gt;'),('2012-03-17 05:52:15','127.0.0.1','Mozilla/5.0 (Windows NT 6.1) AppleWebKit/535.11 (KHTML, like Gecko) Chrome/17.0.963.79 Safari/535.11','Upload Files: 0'),('2012-03-17 05:54:35','127.0.0.1','Mozilla/5.0 (Windows NT 6.1) AppleWebKit/535.11 (KHTML, like Gecko) Chrome/17.0.963.79 Safari/535.11','functions.php Line 59:Caught exception: Path &#039;/_(5)&#039; not found (Status Code: 404)\n&lt;br&gt;'),('2012-03-17 05:54:47','127.0.0.1','Mozilla/5.0 (Windows NT 6.1) AppleWebKit/535.11 (KHTML, like Gecko) Chrome/17.0.963.79 Safari/535.11','addToDropbox.php line 75: Caught exception: Path &#039;/a&#039; not found (Status Code: 404)\n&lt;br&gt;'),('2012-03-17 05:54:56','127.0.0.1','Mozilla/5.0 (Windows NT 6.1) AppleWebKit/535.11 (KHTML, like Gecko) Chrome/17.0.963.79 Safari/535.11','functions.php Line 59:Caught exception: Path &#039;/a(1)&#039; not found (Status Code: 404)\n&lt;br&gt;'),('2012-03-17 05:56:10','127.0.0.1','Mozilla/5.0 (Windows NT 6.1) AppleWebKit/535.11 (KHTML, like Gecko) Chrome/17.0.963.79 Safari/535.11','functions.php Line 59:Caught exception: Path &#039;/a(2)&#039; not found (Status Code: 404)\n&lt;br&gt;'),('2012-03-17 05:56:48','127.0.0.1','Mozilla/5.0 (Windows NT 6.1) AppleWebKit/535.11 (KHTML, like Gecko) Chrome/17.0.963.79 Safari/535.11','functions.php Line 59:Caught exception: Path &#039;/_(6)&#039; not found (Status Code: 404)\n&lt;br&gt;'),('2012-03-17 05:57:01','127.0.0.1','Mozilla/5.0 (Windows NT 6.1) AppleWebKit/535.11 (KHTML, like Gecko) Chrome/17.0.963.79 Safari/535.11','addToDropbox.php line 75: Caught exception: Path &#039;/b&#039; not found (Status Code: 404)\n&lt;br&gt;'),('2012-03-17 05:57:01','127.0.0.1','Mozilla/5.0 (Windows NT 6.1) AppleWebKit/535.11 (KHTML, like Gecko) Chrome/17.0.963.79 Safari/535.11','Upload Files: 0'),('2012-03-17 06:00:20','127.0.0.1','Mozilla/5.0 (Windows NT 6.1) AppleWebKit/535.11 (KHTML, like Gecko) Chrome/17.0.963.79 Safari/535.11','functions.php Line 59:Caught exception: Path &#039;/_(7)&#039; not found (Status Code: 404)\n&lt;br&gt;'),('2012-03-17 06:00:29','127.0.0.1','Mozilla/5.0 (Windows NT 6.1) AppleWebKit/535.11 (KHTML, like Gecko) Chrome/17.0.963.79 Safari/535.11','functions.php Line 59:Caught exception: Path &#039;/b(1)&#039; not found (Status Code: 404)\n&lt;br&gt;'),('2012-03-17 06:00:32','127.0.0.1','Mozilla/5.0 (Windows NT 6.1) AppleWebKit/535.11 (KHTML, like Gecko) Chrome/17.0.963.79 Safari/535.11','Upload Files: 0'),('2012-03-17 06:00:56','127.0.0.1','Mozilla/5.0 (Windows NT 6.1) AppleWebKit/535.11 (KHTML, like Gecko) Chrome/17.0.963.79 Safari/535.11','functions.php Line 59:Caught exception: Path &#039;/b(2)&#039; not found (Status Code: 404)\n&lt;br&gt;'),('2012-03-17 06:04:04','127.0.0.1','Mozilla/5.0 (Windows NT 6.1) AppleWebKit/535.11 (KHTML, like Gecko) Chrome/17.0.963.79 Safari/535.11','functions.php Line 59:Caught exception: Path &#039;/_(8)&#039; not found (Status Code: 404)\n&lt;br&gt;'),('2012-03-17 06:04:53','127.0.0.1','Mozilla/5.0 (Windows NT 6.1) AppleWebKit/535.11 (KHTML, like Gecko) Chrome/17.0.963.79 Safari/535.11','functions.php Line 59:Caught exception: Path &#039;/myamatech(10)&#039; not found (Status Code: 404)\n&lt;br&gt;'),('2012-03-17 06:06:45','127.0.0.1','Mozilla/5.0 (Windows NT 6.1) AppleWebKit/535.11 (KHTML, like Gecko) Chrome/17.0.963.79 Safari/535.11','functions.php Line 59:Caught exception: Path &#039;/_(9)&#039; not found (Status Code: 404)\n&lt;br&gt;'),('2012-03-17 06:06:56','127.0.0.1','Mozilla/5.0 (Windows NT 6.1) AppleWebKit/535.11 (KHTML, like Gecko) Chrome/17.0.963.79 Safari/535.11','addToDropbox.php line 75: Caught exception: Path &#039;/kkkk_lll&#039; not found (Status Code: 404)\n&lt;br&gt;'),('2012-03-17 06:07:02','127.0.0.1','Mozilla/5.0 (Windows NT 6.1) AppleWebKit/535.11 (KHTML, like Gecko) Chrome/17.0.963.79 Safari/535.11','functions.php Line 59:Caught exception: Path &#039;/kkkk_lll(1)&#039; not found (Status Code: 404)\n&lt;br&gt;'),('2012-03-17 06:35:17','127.0.0.1','Mozilla/5.0 (Windows NT 6.1) AppleWebKit/535.11 (KHTML, like Gecko) Chrome/17.0.963.79 Safari/535.11','functions.php Line 59:Caught exception: Path &#039;/_(10)&#039; not found (Status Code: 404)\n&lt;br&gt;'),('2012-03-17 06:35:45','127.0.0.1','Mozilla/5.0 (Windows NT 6.1) AppleWebKit/535.11 (KHTML, like Gecko) Chrome/17.0.963.79 Safari/535.11','functions.php Line 59:Caught exception: Path &#039;/myamatech(11)&#039; not found (Status Code: 404)\n&lt;br&gt;'),('2012-03-17 06:38:20','127.0.0.1','Mozilla/5.0 (Windows NT 6.1) AppleWebKit/535.11 (KHTML, like Gecko) Chrome/17.0.963.79 Safari/535.11','functions.php Line 59:Caught exception: Path &#039;/_(11)&#039; not found (Status Code: 404)\n&lt;br&gt;'),('2012-03-17 06:39:28','127.0.0.1','Mozilla/5.0 (Windows NT 6.1) AppleWebKit/535.11 (KHTML, like Gecko) Chrome/17.0.963.79 Safari/535.11','functions.php Line 59:Caught exception: Path &#039;/_(12)&#039; not found (Status Code: 404)\n&lt;br&gt;'),('2012-03-17 06:39:39','127.0.0.1','Mozilla/5.0 (Windows NT 6.1) AppleWebKit/535.11 (KHTML, like Gecko) Chrome/17.0.963.79 Safari/535.11','addToDropbox.php line 75: Caught exception: Path &#039;/test&#039; not found (Status Code: 404)\n&lt;br&gt;'),('2012-03-17 06:39:39','127.0.0.1','Mozilla/5.0 (Windows NT 6.1) AppleWebKit/535.11 (KHTML, like Gecko) Chrome/17.0.963.79 Safari/535.11','Upload Files: 0'),('2012-03-17 06:39:46','127.0.0.1','Mozilla/5.0 (Windows NT 6.1) AppleWebKit/535.11 (KHTML, like Gecko) Chrome/17.0.963.79 Safari/535.11','functions.php Line 59:Caught exception: Path &#039;/test(1)&#039; not found (Status Code: 404)\n&lt;br&gt;'),('2012-03-17 06:42:21','127.0.0.1','Mozilla/5.0 (Windows NT 6.1) AppleWebKit/535.11 (KHTML, like Gecko) Chrome/17.0.963.79 Safari/535.11','functions.php Line 59:Caught exception: Path &#039;/_(13)&#039; not found (Status Code: 404)\n&lt;br&gt;'),('2012-03-17 06:42:58','127.0.0.1','Mozilla/5.0 (Windows NT 6.1) AppleWebKit/535.11 (KHTML, like Gecko) Chrome/17.0.963.79 Safari/535.11','functions.php Line 59:Caught exception: Path &#039;/myamatech(12)&#039; not found (Status Code: 404)\n&lt;br&gt;'),('2012-03-17 06:43:03','127.0.0.1','Mozilla/5.0 (Windows NT 6.1) AppleWebKit/535.11 (KHTML, like Gecko) Chrome/17.0.963.79 Safari/535.11','Upload Files: 0'),('2012-03-17 06:44:01','127.0.0.1','Mozilla/5.0 (Windows NT 6.1) AppleWebKit/535.11 (KHTML, like Gecko) Chrome/17.0.963.79 Safari/535.11','functions.php Line 59:Caught exception: Path &#039;/myamatech(13)&#039; not found (Status Code: 404)\n&lt;br&gt;'),('2012-03-17 06:47:29','127.0.0.1','Mozilla/5.0 (Windows NT 6.1) AppleWebKit/535.11 (KHTML, like Gecko) Chrome/17.0.963.79 Safari/535.11','functions.php Line 59:Caught exception: Path &#039;/_(14)&#039; not found (Status Code: 404)\n&lt;br&gt;'),('2012-03-17 06:47:38','127.0.0.1','Mozilla/5.0 (Windows NT 6.1) AppleWebKit/535.11 (KHTML, like Gecko) Chrome/17.0.963.79 Safari/535.11','functions.php Line 59:Caught exception: Path &#039;/test(2)&#039; not found (Status Code: 404)\n&lt;br&gt;'),('2012-03-17 06:47:43','127.0.0.1','Mozilla/5.0 (Windows NT 6.1) AppleWebKit/535.11 (KHTML, like Gecko) Chrome/17.0.963.79 Safari/535.11','Upload Files: 0'),('2012-03-17 06:47:51','127.0.0.1','Mozilla/5.0 (Windows NT 6.1) AppleWebKit/535.11 (KHTML, like Gecko) Chrome/17.0.963.79 Safari/535.11','functions.php Line 59:Caught exception: Path &#039;/test(3)&#039; not found (Status Code: 404)\n&lt;br&gt;'),('2012-03-17 06:51:58','127.0.0.1','Mozilla/5.0 (Windows NT 6.1) AppleWebKit/535.11 (KHTML, like Gecko) Chrome/17.0.963.79 Safari/535.11','functions.php Line 59:Caught exception: Path &#039;/test(4)&#039; not found (Status Code: 404)\n&lt;br&gt;'),('2012-03-17 06:53:12','127.0.0.1','Mozilla/5.0 (Windows NT 6.1) AppleWebKit/535.11 (KHTML, like Gecko) Chrome/17.0.963.79 Safari/535.11','functions.php Line 59:Caught exception: Path &#039;/_(15)&#039; not found (Status Code: 404)\n&lt;br&gt;'),('2012-03-17 06:53:28','127.0.0.1','Mozilla/5.0 (Windows NT 6.1) AppleWebKit/535.11 (KHTML, like Gecko) Chrome/17.0.963.79 Safari/535.11','functions.php Line 59:Caught exception: Path &#039;/test(5)&#039; not found (Status Code: 404)\n&lt;br&gt;'),('2012-03-17 06:53:33','127.0.0.1','Mozilla/5.0 (Windows NT 6.1) AppleWebKit/535.11 (KHTML, like Gecko) Chrome/17.0.963.79 Safari/535.11','Upload Files: 0'),('2012-03-17 07:09:20','127.0.0.1','Mozilla/5.0 (Windows NT 6.1) AppleWebKit/535.11 (KHTML, like Gecko) Chrome/17.0.963.79 Safari/535.11','functions.php Line 59:Caught exception: Path &#039;/_(16)&#039; not found (Status Code: 404)\n&lt;br&gt;'),('2012-03-17 07:09:31','127.0.0.1','Mozilla/5.0 (Windows NT 6.1) AppleWebKit/535.11 (KHTML, like Gecko) Chrome/17.0.963.79 Safari/535.11','addToDropbox.php line 75: Caught exception: Path &#039;/TESTcONAN&#039; not found (Status Code: 404)\n&lt;br&gt;'),('2012-03-17 07:13:03','127.0.0.1','Mozilla/5.0 (Windows NT 6.1) AppleWebKit/535.11 (KHTML, like Gecko) Chrome/17.0.963.79 Safari/535.11','functions.php Line 59:Caught exception: Path &#039;/_(17)&#039; not found (Status Code: 404)\n&lt;br&gt;'),('2012-03-17 07:13:08','127.0.0.1','Mozilla/5.0 (Windows NT 6.1) AppleWebKit/535.11 (KHTML, like Gecko) Chrome/17.0.963.79 Safari/535.11','Upload Files: 0'),('2012-03-17 07:13:15','127.0.0.1','Mozilla/5.0 (Windows NT 6.1) AppleWebKit/535.11 (KHTML, like Gecko) Chrome/17.0.963.79 Safari/535.11','functions.php Line 59:Caught exception: Path &#039;/TestCompany(2)&#039; not found (Status Code: 404)\n&lt;br&gt;'),('2012-03-17 07:17:40','127.0.0.1','Mozilla/5.0 (Windows NT 6.1) AppleWebKit/535.11 (KHTML, like Gecko) Chrome/17.0.963.79 Safari/535.11','functions.php Line 59:Caught exception: Path &#039;/_(18)&#039; not found (Status Code: 404)\n&lt;br&gt;'),('2012-03-17 07:27:23','127.0.0.1','Mozilla/5.0 (Windows NT 6.1) AppleWebKit/535.11 (KHTML, like Gecko) Chrome/17.0.963.79 Safari/535.11','functions.php Line 59:Caught exception: Path &#039;/_(19)&#039; not found (Status Code: 404)\n&lt;br&gt;'),('2012-03-17 07:30:51','127.0.0.1','Mozilla/5.0 (Windows NT 6.1) AppleWebKit/535.11 (KHTML, like Gecko) Chrome/17.0.963.79 Safari/535.11','functions.php Line 59:Caught exception: Path &#039;/_(20)&#039; not found (Status Code: 404)\n&lt;br&gt;'),('2012-03-17 07:32:29','127.0.0.1','Mozilla/5.0 (Windows NT 6.1) AppleWebKit/535.11 (KHTML, like Gecko) Chrome/17.0.963.79 Safari/535.11','addToDropbox.php line 75: Caught exception: Path &#039;/_&#039; not found (Status Code: 404)\n&lt;br&gt;'),('2012-03-17 07:32:44','127.0.0.1','Mozilla/5.0 (Windows NT 6.1) AppleWebKit/535.11 (KHTML, like Gecko) Chrome/17.0.963.79 Safari/535.11','Upload Files: 0'),('2012-03-17 07:32:50','127.0.0.1','Mozilla/5.0 (Windows NT 6.1) AppleWebKit/535.11 (KHTML, like Gecko) Chrome/17.0.963.79 Safari/535.11','addToDropbox.php line 75: Caught exception: Path &#039;/myamatech&#039; not found (Status Code: 404)\n&lt;br&gt;'),('2012-03-17 07:32:53','127.0.0.1','Mozilla/5.0 (Windows NT 6.1) AppleWebKit/535.11 (KHTML, like Gecko) Chrome/17.0.963.79 Safari/535.11','Upload Files: 0'),('2012-03-17 07:32:57','127.0.0.1','Mozilla/5.0 (Windows NT 6.1) AppleWebKit/535.11 (KHTML, like Gecko) Chrome/17.0.963.79 Safari/535.11','functions.php Line 59:Caught exception: Path &#039;/myamatech(1)&#039; not found (Status Code: 404)\n&lt;br&gt;'),('2012-03-17 07:35:24','127.0.0.1','Mozilla/5.0 (Windows NT 6.1) AppleWebKit/535.11 (KHTML, like Gecko) Chrome/17.0.963.79 Safari/535.11','Upload Files: 0'),('2012-03-17 07:35:30','127.0.0.1','Mozilla/5.0 (Windows NT 6.1) AppleWebKit/535.11 (KHTML, like Gecko) Chrome/17.0.963.79 Safari/535.11','functions.php Line 59:Caught exception: Path &#039;/myamatech(2)&#039; not found (Status Code: 404)\n&lt;br&gt;'),('2012-03-17 07:35:34','127.0.0.1','Mozilla/5.0 (Windows NT 6.1) AppleWebKit/535.11 (KHTML, like Gecko) Chrome/17.0.963.79 Safari/535.11','Upload Files: 0'),('2012-03-17 07:35:41','127.0.0.1','Mozilla/5.0 (Windows NT 6.1) AppleWebKit/535.11 (KHTML, like Gecko) Chrome/17.0.963.79 Safari/535.11','functions.php Line 59:Caught exception: Path &#039;/myamatech(3)&#039; not found (Status Code: 404)\n&lt;br&gt;'),('2012-03-17 07:36:22','127.0.0.1','Mozilla/5.0 (Windows NT 6.1) AppleWebKit/535.11 (KHTML, like Gecko) Chrome/17.0.963.79 Safari/535.11','Upload Files: 0'),('2012-03-17 07:36:31','127.0.0.1','Mozilla/5.0 (Windows NT 6.1) AppleWebKit/535.11 (KHTML, like Gecko) Chrome/17.0.963.79 Safari/535.11','functions.php Line 59:Caught exception: Path &#039;/myamatech(4)&#039; not found (Status Code: 404)\n&lt;br&gt;'),('2012-03-17 07:36:34','127.0.0.1','Mozilla/5.0 (Windows NT 6.1) AppleWebKit/535.11 (KHTML, like Gecko) Chrome/17.0.963.79 Safari/535.11','Upload Files: 0'),('2012-03-17 07:36:46','127.0.0.1','Mozilla/5.0 (Windows NT 6.1) AppleWebKit/535.11 (KHTML, like Gecko) Chrome/17.0.963.79 Safari/535.11','functions.php Line 59:Caught exception: Path &#039;/myamatech(5)&#039; not found (Status Code: 404)\n&lt;br&gt;'),('2012-03-17 07:36:50','127.0.0.1','Mozilla/5.0 (Windows NT 6.1) AppleWebKit/535.11 (KHTML, like Gecko) Chrome/17.0.963.79 Safari/535.11','Upload Files: 0'),('2012-03-17 07:37:02','127.0.0.1','Mozilla/5.0 (Windows NT 6.1) AppleWebKit/535.11 (KHTML, like Gecko) Chrome/17.0.963.79 Safari/535.11','functions.php Line 59:Caught exception: Path &#039;/myamatech(6)&#039; not found (Status Code: 404)\n&lt;br&gt;'),('2012-03-17 07:39:49','127.0.0.1','Mozilla/5.0 (Windows NT 6.1) AppleWebKit/535.11 (KHTML, like Gecko) Chrome/17.0.963.79 Safari/535.11','Upload Files: 0'),('2012-03-17 07:40:06','127.0.0.1','Mozilla/5.0 (Windows NT 6.1) AppleWebKit/535.11 (KHTML, like Gecko) Chrome/17.0.963.79 Safari/535.11','functions.php Line 59:Caught exception: Path &#039;/myamatech(7)&#039; not found (Status Code: 404)\n&lt;br&gt;'),('2012-03-17 07:40:09','127.0.0.1','Mozilla/5.0 (Windows NT 6.1) AppleWebKit/535.11 (KHTML, like Gecko) Chrome/17.0.963.79 Safari/535.11','Upload Files: 0'),('2012-03-17 07:40:36','127.0.0.1','Mozilla/5.0 (Windows NT 6.1) AppleWebKit/535.11 (KHTML, like Gecko) Chrome/17.0.963.79 Safari/535.11','functions.php Line 59:Caught exception: Path &#039;/myamatech(8)&#039; not found (Status Code: 404)\n&lt;br&gt;'),('2012-03-17 07:41:07','127.0.0.1','Mozilla/5.0 (Windows NT 6.1) AppleWebKit/535.11 (KHTML, like Gecko) Chrome/17.0.963.79 Safari/535.11','Upload Files: 0'),('2012-03-17 07:41:45','127.0.0.1','Mozilla/5.0 (Windows NT 6.1) AppleWebKit/535.11 (KHTML, like Gecko) Chrome/17.0.963.79 Safari/535.11','functions.php Line 59:Caught exception: Path &#039;/myamatech(9)&#039; not found (Status Code: 404)\n&lt;br&gt;'),('2012-03-17 07:42:44','127.0.0.1','Mozilla/5.0 (Windows NT 6.1) AppleWebKit/535.11 (KHTML, like Gecko) Chrome/17.0.963.79 Safari/535.11','Upload Files: 0'),('2012-03-17 07:43:30','127.0.0.1','Mozilla/5.0 (Windows NT 6.1) AppleWebKit/535.11 (KHTML, like Gecko) Chrome/17.0.963.79 Safari/535.11','functions.php Line 59:Caught exception: Path &#039;/myamatech(10)&#039; not found (Status Code: 404)\n&lt;br&gt;'),('2012-03-17 07:45:48','127.0.0.1','Mozilla/5.0 (Windows NT 6.1) AppleWebKit/535.11 (KHTML, like Gecko) Chrome/17.0.963.79 Safari/535.11','Upload Files: 0'),('2012-03-17 07:46:46','127.0.0.1','Mozilla/5.0 (Windows NT 6.1) AppleWebKit/535.11 (KHTML, like Gecko) Chrome/17.0.963.79 Safari/535.11','functions.php Line 59:Caught exception: Path &#039;/myamatech(11)&#039; not found (Status Code: 404)\n&lt;br&gt;'),('2012-03-17 07:51:51','127.0.0.1','Mozilla/5.0 (Windows NT 6.1) AppleWebKit/535.11 (KHTML, like Gecko) Chrome/17.0.963.79 Safari/535.11','Upload Files: 0'),('2012-03-17 07:52:48','127.0.0.1','Mozilla/5.0 (Windows NT 6.1) AppleWebKit/535.11 (KHTML, like Gecko) Chrome/17.0.963.79 Safari/535.11','functions.php Line 59:Caught exception: Path &#039;/myamatech(12)&#039; not found (Status Code: 404)\n&lt;br&gt;'),('2012-03-17 08:12:55','127.0.0.1','Mozilla/5.0 (Windows NT 6.1) AppleWebKit/535.11 (KHTML, like Gecko) Chrome/17.0.963.79 Safari/535.11','functions.php Line 59:Caught exception: Path &#039;/_(1)&#039; not found (Status Code: 404)\n&lt;br&gt;'),('2012-03-17 08:13:06','127.0.0.1','Mozilla/5.0 (Windows NT 6.1) AppleWebKit/535.11 (KHTML, like Gecko) Chrome/17.0.963.79 Safari/535.11','Upload Files: 0'),('2012-03-17 08:13:42','127.0.0.1','Mozilla/5.0 (Windows NT 6.1) AppleWebKit/535.11 (KHTML, like Gecko) Chrome/17.0.963.79 Safari/535.11','functions.php Line 59:Caught exception: Path &#039;/myamatech(13)&#039; not found (Status Code: 404)\n&lt;br&gt;'),('2012-03-17 08:23:16','127.0.0.1','Mozilla/5.0 (Windows NT 6.1) AppleWebKit/535.11 (KHTML, like Gecko) Chrome/17.0.963.79 Safari/535.11','functions.php Line 59:Caught exception: Path &#039;/_(2)&#039; not found (Status Code: 404)\n&lt;br&gt;'),('2012-03-17 08:23:24','127.0.0.1','Mozilla/5.0 (Windows NT 6.1) AppleWebKit/535.11 (KHTML, like Gecko) Chrome/17.0.963.79 Safari/535.11','Upload Files: 0'),('2012-03-17 08:24:26','127.0.0.1','Mozilla/5.0 (Windows NT 6.1) AppleWebKit/535.11 (KHTML, like Gecko) Chrome/17.0.963.79 Safari/535.11','functions.php Line 59:Caught exception: Path &#039;/myamatech(14)&#039; not found (Status Code: 404)\n&lt;br&gt;'),('2012-03-17 08:26:00','127.0.0.1','Mozilla/5.0 (Windows NT 6.1) AppleWebKit/535.11 (KHTML, like Gecko) Chrome/17.0.963.79 Safari/535.11','Upload Files: 0'),('2012-03-17 08:27:10','127.0.0.1','Mozilla/5.0 (Windows NT 6.1) AppleWebKit/535.11 (KHTML, like Gecko) Chrome/17.0.963.79 Safari/535.11','functions.php Line 59:Caught exception: Path &#039;/myamatech(15)&#039; not found (Status Code: 404)\n&lt;br&gt;'),('2012-03-17 08:28:31','127.0.0.1','Mozilla/5.0 (Windows NT 6.1) AppleWebKit/535.11 (KHTML, like Gecko) Chrome/17.0.963.79 Safari/535.11','Upload Files: 0'),('2012-03-17 08:29:59','127.0.0.1','Mozilla/5.0 (Windows NT 6.1) AppleWebKit/535.11 (KHTML, like Gecko) Chrome/17.0.963.79 Safari/535.11','functions.php Line 59:Caught exception: Path &#039;/myamatech(16)&#039; not found (Status Code: 404)\n&lt;br&gt;'),('2012-03-17 08:32:30','127.0.0.1','Mozilla/5.0 (Windows NT 6.1) AppleWebKit/535.11 (KHTML, like Gecko) Chrome/17.0.963.79 Safari/535.11','Upload Files: 0'),('2012-03-17 08:34:00','127.0.0.1','Mozilla/5.0 (Windows NT 6.1) AppleWebKit/535.11 (KHTML, like Gecko) Chrome/17.0.963.79 Safari/535.11','functions.php Line 59:Caught exception: Path &#039;/myamatech(17)&#039; not found (Status Code: 404)\n&lt;br&gt;'),('2012-03-17 08:36:21','127.0.0.1','Mozilla/5.0 (Windows NT 6.1) AppleWebKit/535.11 (KHTML, like Gecko) Chrome/17.0.963.79 Safari/535.11','Upload Files: 0'),('2012-03-17 08:37:01','127.0.0.1','Mozilla/5.0 (Windows NT 6.1) AppleWebKit/535.11 (KHTML, like Gecko) Chrome/17.0.963.79 Safari/535.11','functions.php Line 59:Caught exception: Path &#039;/myamatech(18)&#039; not found (Status Code: 404)\n&lt;br&gt;'),('2012-03-17 08:38:03','127.0.0.1','Mozilla/5.0 (Windows NT 6.1) AppleWebKit/535.11 (KHTML, like Gecko) Chrome/17.0.963.79 Safari/535.11','Upload Files: 0'),('2012-03-17 08:38:49','127.0.0.1','Mozilla/5.0 (Windows NT 6.1) AppleWebKit/535.11 (KHTML, like Gecko) Chrome/17.0.963.79 Safari/535.11','functions.php Line 59:Caught exception: Path &#039;/myamatech(19)&#039; not found (Status Code: 404)\n&lt;br&gt;'),('2012-03-17 08:41:45','127.0.0.1','Mozilla/5.0 (Windows NT 6.1) AppleWebKit/535.11 (KHTML, like Gecko) Chrome/17.0.963.79 Safari/535.11','Upload Files: 0'),('2012-03-17 08:41:52','127.0.0.1','Mozilla/5.0 (Windows NT 6.1) AppleWebKit/535.11 (KHTML, like Gecko) Chrome/17.0.963.79 Safari/535.11','Upload Files: 0'),('2012-03-17 08:51:22','127.0.0.1','Mozilla/5.0 (Windows NT 6.1) AppleWebKit/535.11 (KHTML, like Gecko) Chrome/17.0.963.79 Safari/535.11','Upload Files: 0'),('2012-03-17 08:56:36','127.0.0.1','Mozilla/5.0 (Windows NT 6.1) AppleWebKit/535.11 (KHTML, like Gecko) Chrome/17.0.963.79 Safari/535.11','addToDropbox.php line 75: Caught exception: Path &#039;/myamatech&#039; not found (Status Code: 404)\n&lt;br&gt;'),('2012-03-17 08:56:59','127.0.0.1','Mozilla/5.0 (Windows NT 6.1) AppleWebKit/535.11 (KHTML, like Gecko) Chrome/17.0.963.79 Safari/535.11','addToDropbox.php line 86 Caught exception: Path &#039;/_/_12-03-17_08-56-55&#039; not found (Status Code: 404)\n&lt;br&gt;'),('2012-03-17 08:57:26','127.0.0.1','Mozilla/5.0 (Windows NT 6.1) AppleWebKit/535.11 (KHTML, like Gecko) Chrome/17.0.963.79 Safari/535.11','Upload Files: 0'),('2012-03-17 08:57:32','127.0.0.1','Mozilla/5.0 (Windows NT 6.1) AppleWebKit/535.11 (KHTML, like Gecko) Chrome/17.0.963.79 Safari/535.11','addToDropbox.php line 86 Caught exception: Path &#039;/myamatech/Option2_12-03-17_08-57-28&#039; not found (Status Code: 404)\n&lt;br&gt;'),('2012-03-17 08:58:37','127.0.0.1','Mozilla/5.0 (Windows NT 6.1) AppleWebKit/535.11 (KHTML, like Gecko) Chrome/17.0.963.79 Safari/535.11','Upload Files: 0'),('2012-03-17 08:58:44','127.0.0.1','Mozilla/5.0 (Windows NT 6.1) AppleWebKit/535.11 (KHTML, like Gecko) Chrome/17.0.963.79 Safari/535.11','addToDropbox.php line 86 Caught exception: Path &#039;/myamatech/Option2_12-03-17_08-58-39&#039; not found (Status Code: 404)\n&lt;br&gt;'),('2012-03-17 08:58:47','127.0.0.1','Mozilla/5.0 (Windows NT 6.1) AppleWebKit/535.11 (KHTML, like Gecko) Chrome/17.0.963.79 Safari/535.11','Upload Files: 0'),('2012-03-17 08:58:56','127.0.0.1','Mozilla/5.0 (Windows NT 6.1) AppleWebKit/535.11 (KHTML, like Gecko) Chrome/17.0.963.79 Safari/535.11','addToDropbox.php line 86 Caught exception: Path &#039;/myamatech/Option2_12-03-17_08-58-51&#039; not found (Status Code: 404)\n&lt;br&gt;'),('2012-03-17 09:00:29','127.0.0.1','Mozilla/5.0 (Windows NT 6.1) AppleWebKit/535.11 (KHTML, like Gecko) Chrome/17.0.963.79 Safari/535.11','Upload Files: 0'),('2012-03-17 09:00:36','127.0.0.1','Mozilla/5.0 (Windows NT 6.1) AppleWebKit/535.11 (KHTML, like Gecko) Chrome/17.0.963.79 Safari/535.11','addToDropbox.php line 86 Caught exception: Path &#039;/myamatech/Option2_12-03-17_09-00-31&#039; not found (Status Code: 404)\n&lt;br&gt;'),('2012-03-17 09:03:22','127.0.0.1','Mozilla/5.0 (Windows NT 6.1) AppleWebKit/535.11 (KHTML, like Gecko) Chrome/17.0.963.79 Safari/535.11','Upload Files: 0'),('2012-03-17 09:03:29','127.0.0.1','Mozilla/5.0 (Windows NT 6.1) AppleWebKit/535.11 (KHTML, like Gecko) Chrome/17.0.963.79 Safari/535.11','addToDropbox.php line 86 Caught exception: Path &#039;/myamatech/Option2_12-03-17_09&#039; not found (Status Code: 404)\n&lt;br&gt;'),('2012-03-17 09:03:47','127.0.0.1','Mozilla/5.0 (Windows NT 6.1) AppleWebKit/535.11 (KHTML, like Gecko) Chrome/17.0.963.79 Safari/535.11','Upload Files: 0'),('2012-03-17 09:04:37','127.0.0.1','Mozilla/5.0 (Windows NT 6.1) AppleWebKit/535.11 (KHTML, like Gecko) Chrome/17.0.963.79 Safari/535.11','Upload Files: 0'),('2012-03-17 09:05:00','127.0.0.1','Mozilla/5.0 (Windows NT 6.1) AppleWebKit/535.11 (KHTML, like Gecko) Chrome/17.0.963.79 Safari/535.11','Upload Files: 0'),('2012-03-17 09:10:35','127.0.0.1','Mozilla/5.0 (Windows NT 6.1) AppleWebKit/535.11 (KHTML, like Gecko) Chrome/17.0.963.79 Safari/535.11','addToDropbox.php line 86 Caught exception: Path &#039;/_/_12-03-17_09&#039; not found (Status Code: 404)\n&lt;br&gt;'),('2012-03-17 09:26:27','127.0.0.1','Mozilla/5.0 (Windows NT 6.1) AppleWebKit/535.11 (KHTML, like Gecko) Chrome/17.0.963.79 Safari/535.11','Upload Files: 0'),('2012-03-17 09:26:54','127.0.0.1','Mozilla/5.0 (Windows NT 6.1) AppleWebKit/535.11 (KHTML, like Gecko) Chrome/17.0.963.79 Safari/535.11','Upload Files: 0'),('2012-03-17 09:28:55','127.0.0.1','Mozilla/5.0 (Windows NT 6.1) AppleWebKit/535.11 (KHTML, like Gecko) Chrome/17.0.963.79 Safari/535.11','Upload Files: 0'),('2012-03-17 09:29:00','127.0.0.1','Mozilla/5.0 (Windows NT 6.1) AppleWebKit/535.11 (KHTML, like Gecko) Chrome/17.0.963.79 Safari/535.11','addToDropbox.php line 86 Caught exception: Path &#039;/myamatech/Option3_12-03-17_09&#039; not found (Status Code: 404)\n&lt;br&gt;'),('2012-03-17 09:29:18','127.0.0.1','Mozilla/5.0 (Windows NT 6.1) AppleWebKit/535.11 (KHTML, like Gecko) Chrome/17.0.963.79 Safari/535.11','Upload Files: 0'),('2012-03-17 09:30:25','127.0.0.1','Mozilla/5.0 (Windows NT 6.1) AppleWebKit/535.11 (KHTML, like Gecko) Chrome/17.0.963.79 Safari/535.11','Upload Files: 0'),('2012-03-17 09:30:46','127.0.0.1','Mozilla/5.0 (Windows NT 6.1) AppleWebKit/535.11 (KHTML, like Gecko) Chrome/17.0.963.79 Safari/535.11','Upload Files: 0'),('2012-03-17 09:35:52','127.0.0.1','Mozilla/5.0 (Windows NT 6.1) AppleWebKit/535.11 (KHTML, like Gecko) Chrome/17.0.963.79 Safari/535.11','Upload Files: 0'),('2012-03-17 09:40:49','127.0.0.1','Mozilla/5.0 (Windows NT 6.1) AppleWebKit/535.11 (KHTML, like Gecko) Chrome/17.0.963.79 Safari/535.11','Upload Files: 0'),('2012-03-17 09:52:24','127.0.0.1','Mozilla/5.0 (Windows NT 6.1) AppleWebKit/535.11 (KHTML, like Gecko) Chrome/17.0.963.79 Safari/535.11','Upload Files: 0'),('2012-03-17 09:57:59','127.0.0.1','Mozilla/5.0 (Windows NT 6.1) AppleWebKit/535.11 (KHTML, like Gecko) Chrome/17.0.963.79 Safari/535.11','Upload Files: 0'),('2012-03-17 09:58:08','127.0.0.1','Mozilla/5.0 (Windows NT 6.1) AppleWebKit/535.11 (KHTML, like Gecko) Chrome/17.0.963.79 Safari/535.11','addToDropbox.php line 86 Caught exception: Path &#039;/myamatech/Option1_12-03-17_09&#039; not found (Status Code: 404)\n&lt;br&gt;'),('2012-03-17 09:58:29','127.0.0.1','Mozilla/5.0 (Windows NT 6.1) AppleWebKit/535.11 (KHTML, like Gecko) Chrome/17.0.963.79 Safari/535.11','addToDropbox.php line 151: Caught exception: File not found (Status Code: 404)\n&lt;br&gt;'),('2012-03-17 10:00:06','127.0.0.1','Mozilla/5.0 (Windows NT 6.1) AppleWebKit/535.11 (KHTML, like Gecko) Chrome/17.0.963.79 Safari/535.11','Upload Files: 0'),('2012-03-17 10:00:14','127.0.0.1','Mozilla/5.0 (Windows NT 6.1) AppleWebKit/535.11 (KHTML, like Gecko) Chrome/17.0.963.79 Safari/535.11','addToDropbox.php line 86 Caught exception: Path &#039;/myamatech/Option1_12-03-17_10&#039; not found (Status Code: 404)\n&lt;br&gt;'),('2012-03-17 10:00:32','127.0.0.1','Mozilla/5.0 (Windows NT 6.1) AppleWebKit/535.11 (KHTML, like Gecko) Chrome/17.0.963.79 Safari/535.11','addToDropbox.php line 151: Caught exception: File not found (Status Code: 404)\n&lt;br&gt;'),('2012-03-17 10:00:46','127.0.0.1','Mozilla/5.0 (Windows NT 6.1) AppleWebKit/535.11 (KHTML, like Gecko) Chrome/17.0.963.79 Safari/535.11','Upload Files: 0'),('2012-03-17 10:02:21','127.0.0.1','Mozilla/5.0 (Windows NT 6.1) AppleWebKit/535.11 (KHTML, like Gecko) Chrome/17.0.963.79 Safari/535.11','Upload Files: 0'),('2012-03-17 10:17:00','127.0.0.1','Mozilla/5.0 (Windows NT 6.1) AppleWebKit/535.11 (KHTML, like Gecko) Chrome/17.0.963.79 Safari/535.11','Upload Files: 0'),('2012-03-17 10:17:53','127.0.0.1','Mozilla/5.0 (Windows NT 6.1) AppleWebKit/535.11 (KHTML, like Gecko) Chrome/17.0.963.79 Safari/535.11','Upload Files: 0'),('2012-03-17 10:18:13','127.0.0.1','Mozilla/5.0 (Windows NT 6.1) AppleWebKit/535.11 (KHTML, like Gecko) Chrome/17.0.963.79 Safari/535.11','addToDropbox.php line 151: Caught exception: File not found (Status Code: 404)\n&lt;br&gt;'),('2012-03-17 10:18:14','127.0.0.1','Mozilla/5.0 (Windows NT 6.1) AppleWebKit/535.11 (KHTML, like Gecko) Chrome/17.0.963.79 Safari/535.11','Upload Files: 0'),('2012-03-17 10:43:11','127.0.0.1','Mozilla/5.0 (Windows NT 6.1) AppleWebKit/535.11 (KHTML, like Gecko) Chrome/17.0.963.79 Safari/535.11','Upload Files: 0'),('2012-03-17 10:43:21','127.0.0.1','Mozilla/5.0 (Windows NT 6.1) AppleWebKit/535.11 (KHTML, like Gecko) Chrome/17.0.963.79 Safari/535.11','addToDropbox.php line 151: Caught exception: File not found (Status Code: 404)\n&lt;br&gt;'),('2012-03-17 10:43:21','127.0.0.1','Mozilla/5.0 (Windows NT 6.1) AppleWebKit/535.11 (KHTML, like Gecko) Chrome/17.0.963.79 Safari/535.11','Upload Files: 0'),('2012-03-17 10:43:30','127.0.0.1','Mozilla/5.0 (Windows NT 6.1) AppleWebKit/535.11 (KHTML, like Gecko) Chrome/17.0.963.79 Safari/535.11','addToDropbox.php line 151: Caught exception: File not found (Status Code: 404)\n&lt;br&gt;'),('2012-03-17 10:44:59','127.0.0.1','Mozilla/5.0 (Windows NT 6.1) AppleWebKit/535.11 (KHTML, like Gecko) Chrome/17.0.963.79 Safari/535.11','addToDropbox.php line 86 Caught exception: Path &#039;/_/_12-03-17_10&#039; not found (Status Code: 404)\n&lt;br&gt;'),('2012-03-17 10:45:14','127.0.0.1','Mozilla/5.0 (Windows NT 6.1) AppleWebKit/535.11 (KHTML, like Gecko) Chrome/17.0.963.79 Safari/535.11','Upload Files: 0'),('2012-03-17 10:45:29','127.0.0.1','Mozilla/5.0 (Windows NT 6.1) AppleWebKit/535.11 (KHTML, like Gecko) Chrome/17.0.963.79 Safari/535.11','addToDropbox.php line 75: Caught exception: Path &#039;/Conan&#039; not found (Status Code: 404)\n&lt;br&gt;'),('2012-03-17 10:46:22','127.0.0.1','Mozilla/5.0 (Windows NT 6.1) AppleWebKit/535.11 (KHTML, like Gecko) Chrome/17.0.963.79 Safari/535.11','addToDropbox.php line 151: Caught exception: File not found (Status Code: 404)\n&lt;br&gt;'),('2012-03-17 10:47:39','127.0.0.1','Mozilla/5.0 (Windows NT 6.1) AppleWebKit/535.11 (KHTML, like Gecko) Chrome/17.0.963.79 Safari/535.11','Upload Files: 0');

/*Table structure for table `upload` */

DROP TABLE IF EXISTS `upload`;

CREATE TABLE `upload` (
  `upload_id` int(11) NOT NULL AUTO_INCREMENT,
  `upload_order_type` varchar(255) DEFAULT NULL,
  `upload_quantity` int(11) DEFAULT '0',
  `upload_firstname` varchar(255) DEFAULT NULL,
  `upload_lastname` varchar(255) DEFAULT NULL,
  `upload_company` varchar(255) DEFAULT NULL,
  `upload_phone` varchar(255) DEFAULT NULL,
  `upload_email` varchar(255) DEFAULT NULL,
  `upload_message` varchar(255) DEFAULT NULL,
  `upload_entry_date` datetime DEFAULT '0000-00-00 00:00:00',
  `upload_timestamp` timestamp NOT NULL DEFAULT CURRENT_TIMESTAMP,
  `upload_ip` varchar(255) DEFAULT NULL,
  `upload_agent` varchar(255) DEFAULT NULL,
  PRIMARY KEY (`upload_id`)
) ENGINE=InnoDB AUTO_INCREMENT=88 DEFAULT CHARSET=utf8;

/*Data for the table `upload` */

insert  into `upload`(`upload_id`,`upload_order_type`,`upload_quantity`,`upload_firstname`,`upload_lastname`,`upload_company`,`upload_phone`,`upload_email`,`upload_message`,`upload_entry_date`,`upload_timestamp`,`upload_ip`,`upload_agent`) values (1,'',0,'','','','','','','2012-03-17 06:37:27','2012-03-17 18:37:27','127.0.0.1','Mozilla/5.0 (Windows NT 6.1) AppleWebKit/535.11 (KHTML, like Gecko) Chrome/17.0.963.79 Safari/535.11'),(2,'',0,'','','','','','','2012-03-17 06:38:57','2012-03-17 18:38:57','127.0.0.1','Mozilla/5.0 (Windows NT 6.1) AppleWebKit/535.11 (KHTML, like Gecko) Chrome/17.0.963.79 Safari/535.11'),(3,'Option1',1000,'Asdasd','asdad','test','','','','2012-03-17 06:39:32','2012-03-17 18:39:32','127.0.0.1','Mozilla/5.0 (Windows NT 6.1) AppleWebKit/535.11 (KHTML, like Gecko) Chrome/17.0.963.79 Safari/535.11'),(4,'Option1',1000,'Asdasd','asdad','test','','','','2012-03-17 06:39:41','2012-03-17 18:39:41','127.0.0.1','Mozilla/5.0 (Windows NT 6.1) AppleWebKit/535.11 (KHTML, like Gecko) Chrome/17.0.963.79 Safari/535.11'),(5,'',0,'','','','','','','2012-03-17 06:41:50','2012-03-17 18:41:50','127.0.0.1','Mozilla/5.0 (Windows NT 6.1) AppleWebKit/535.11 (KHTML, like Gecko) Chrome/17.0.963.79 Safari/535.11'),(6,'Option1',1000,'ad','adds','myamatech','','','','2012-03-17 06:42:26','2012-03-17 18:42:26','127.0.0.1','Mozilla/5.0 (Windows NT 6.1) AppleWebKit/535.11 (KHTML, like Gecko) Chrome/17.0.963.79 Safari/535.11'),(7,'Option1',1000,'ad','adds','myamatech','','','','2012-03-17 06:43:29','2012-03-17 18:43:29','127.0.0.1','Mozilla/5.0 (Windows NT 6.1) AppleWebKit/535.11 (KHTML, like Gecko) Chrome/17.0.963.79 Safari/535.11'),(8,'',0,'','','','','','','2012-03-17 06:46:59','2012-03-17 18:46:59','127.0.0.1','Mozilla/5.0 (Windows NT 6.1) AppleWebKit/535.11 (KHTML, like Gecko) Chrome/17.0.963.79 Safari/535.11'),(9,'Option1',1000,'sdfs','sdfsf','test','','','','2012-03-17 06:47:33','2012-03-17 18:47:33','127.0.0.1','Mozilla/5.0 (Windows NT 6.1) AppleWebKit/535.11 (KHTML, like Gecko) Chrome/17.0.963.79 Safari/535.11'),(10,'Option1',1000,'sdfs','sdfsf','test','','','','2012-03-17 06:47:43','2012-03-17 18:47:43','127.0.0.1','Mozilla/5.0 (Windows NT 6.1) AppleWebKit/535.11 (KHTML, like Gecko) Chrome/17.0.963.79 Safari/535.11'),(11,'Option1',1000,'sdfs','sdfsf','test','','','','2012-03-17 06:51:38','2012-03-17 18:51:38','127.0.0.1','Mozilla/5.0 (Windows NT 6.1) AppleWebKit/535.11 (KHTML, like Gecko) Chrome/17.0.963.79 Safari/535.11'),(12,'',0,'','','','','','','2012-03-17 06:52:41','2012-03-17 18:52:41','127.0.0.1','Mozilla/5.0 (Windows NT 6.1) AppleWebKit/535.11 (KHTML, like Gecko) Chrome/17.0.963.79 Safari/535.11'),(13,'Option2',1000,'sfsdf','sfsdf','test','','','','2012-03-17 06:53:16','2012-03-17 18:53:16','127.0.0.1','Mozilla/5.0 (Windows NT 6.1) AppleWebKit/535.11 (KHTML, like Gecko) Chrome/17.0.963.79 Safari/535.11'),(14,'',0,'','','','','','','2012-03-17 07:08:37','2012-03-17 19:08:37','127.0.0.1','Mozilla/5.0 (Windows NT 6.1) AppleWebKit/535.11 (KHTML, like Gecko) Chrome/17.0.963.79 Safari/535.11'),(15,'Option1',1000,'ASDAS','ASDA','TESTcONAN','','','','2012-03-17 07:09:25','2012-03-17 19:09:25','127.0.0.1','Mozilla/5.0 (Windows NT 6.1) AppleWebKit/535.11 (KHTML, like Gecko) Chrome/17.0.963.79 Safari/535.11'),(16,'',0,'','','','','','','2012-03-17 07:12:23','2012-03-17 19:12:23','127.0.0.1','Mozilla/5.0 (Windows NT 6.1) AppleWebKit/535.11 (KHTML, like Gecko) Chrome/17.0.963.79 Safari/535.11'),(17,'Option1',1000,'DFS','ADDAAASD','TestCompany','','','','2012-03-17 07:13:08','2012-03-17 19:13:08','127.0.0.1','Mozilla/5.0 (Windows NT 6.1) AppleWebKit/535.11 (KHTML, like Gecko) Chrome/17.0.963.79 Safari/535.11'),(18,'',0,'','','','','','','2012-03-17 07:16:08','2012-03-17 19:16:08','127.0.0.1','Mozilla/5.0 (Windows NT 6.1) AppleWebKit/535.11 (KHTML, like Gecko) Chrome/17.0.963.79 Safari/535.11'),(19,'',0,'','','','','','','2012-03-17 07:26:04','2012-03-17 19:26:04','127.0.0.1','Mozilla/5.0 (Windows NT 6.1) AppleWebKit/535.11 (KHTML, like Gecko) Chrome/17.0.963.79 Safari/535.11'),(20,'',0,'','','','','','','2012-03-17 07:29:53','2012-03-17 19:29:53','127.0.0.1','Mozilla/5.0 (Windows NT 6.1) AppleWebKit/535.11 (KHTML, like Gecko) Chrome/17.0.963.79 Safari/535.11'),(21,'',0,'','','','','','','2012-03-17 07:32:23','2012-03-17 19:32:23','127.0.0.1','Mozilla/5.0 (Windows NT 6.1) AppleWebKit/535.11 (KHTML, like Gecko) Chrome/17.0.963.79 Safari/535.11'),(22,'Option1',1000,'Antonis2','Asda','myamatech','','','','2012-03-17 07:32:44','2012-03-17 19:32:44','127.0.0.1','Mozilla/5.0 (Windows NT 6.1) AppleWebKit/535.11 (KHTML, like Gecko) Chrome/17.0.963.79 Safari/535.11'),(23,'Option1',1000,'Antonis2','Asda','myamatech','','','','2012-03-17 07:32:53','2012-03-17 19:32:53','127.0.0.1','Mozilla/5.0 (Windows NT 6.1) AppleWebKit/535.11 (KHTML, like Gecko) Chrome/17.0.963.79 Safari/535.11'),(24,'Option1',1000,'Antonis2','Asda','myamatech','','','','2012-03-17 07:35:24','2012-03-17 19:35:24','127.0.0.1','Mozilla/5.0 (Windows NT 6.1) AppleWebKit/535.11 (KHTML, like Gecko) Chrome/17.0.963.79 Safari/535.11'),(25,'Option1',1000,'Antonis2','Asda','myamatech','','','','2012-03-17 07:35:34','2012-03-17 19:35:34','127.0.0.1','Mozilla/5.0 (Windows NT 6.1) AppleWebKit/535.11 (KHTML, like Gecko) Chrome/17.0.963.79 Safari/535.11'),(26,'Option1',1000,'Antonis2','Asda','myamatech','','','','2012-03-17 07:36:22','2012-03-17 19:36:22','127.0.0.1','Mozilla/5.0 (Windows NT 6.1) AppleWebKit/535.11 (KHTML, like Gecko) Chrome/17.0.963.79 Safari/535.11'),(27,'Option1',1000,'Antonis2','Asda','myamatech','','','','2012-03-17 07:36:34','2012-03-17 19:36:34','127.0.0.1','Mozilla/5.0 (Windows NT 6.1) AppleWebKit/535.11 (KHTML, like Gecko) Chrome/17.0.963.79 Safari/535.11'),(28,'Option1',1000,'Antonis2','Asda','myamatech','','','','2012-03-17 07:36:50','2012-03-17 19:36:50','127.0.0.1','Mozilla/5.0 (Windows NT 6.1) AppleWebKit/535.11 (KHTML, like Gecko) Chrome/17.0.963.79 Safari/535.11'),(29,'Option1',1000,'Antonis2','Asda','myamatech','','','','2012-03-17 07:39:49','2012-03-17 19:39:49','127.0.0.1','Mozilla/5.0 (Windows NT 6.1) AppleWebKit/535.11 (KHTML, like Gecko) Chrome/17.0.963.79 Safari/535.11'),(30,'Option1',1000,'Antonis2','Asda','myamatech','','','','2012-03-17 07:40:09','2012-03-17 19:40:09','127.0.0.1','Mozilla/5.0 (Windows NT 6.1) AppleWebKit/535.11 (KHTML, like Gecko) Chrome/17.0.963.79 Safari/535.11'),(31,'Option1',1000,'Antonis2','Asda','myamatech','','','','2012-03-17 07:41:07','2012-03-17 19:41:07','127.0.0.1','Mozilla/5.0 (Windows NT 6.1) AppleWebKit/535.11 (KHTML, like Gecko) Chrome/17.0.963.79 Safari/535.11'),(32,'Option1',1000,'Antonis2','Asda','myamatech','','','','2012-03-17 07:42:44','2012-03-17 19:42:44','127.0.0.1','Mozilla/5.0 (Windows NT 6.1) AppleWebKit/535.11 (KHTML, like Gecko) Chrome/17.0.963.79 Safari/535.11'),(33,'Option1',1000,'Antonis2','Asda','myamatech','','','','2012-03-17 07:45:48','2012-03-17 19:45:48','127.0.0.1','Mozilla/5.0 (Windows NT 6.1) AppleWebKit/535.11 (KHTML, like Gecko) Chrome/17.0.963.79 Safari/535.11'),(34,'Option1',1000,'Antonis2','Asda','myamatech','','','','2012-03-17 07:51:51','2012-03-17 19:51:51','127.0.0.1','Mozilla/5.0 (Windows NT 6.1) AppleWebKit/535.11 (KHTML, like Gecko) Chrome/17.0.963.79 Safari/535.11'),(35,'Option1',1000,'Antonis2','Asda','myamatech','','','','2012-03-17 08:10:32','2012-03-17 20:10:32','127.0.0.1','Mozilla/5.0 (Windows NT 6.1) AppleWebKit/535.11 (KHTML, like Gecko) Chrome/17.0.963.79 Safari/535.11'),(36,'',0,'','','','','','','2012-03-17 08:12:47','2012-03-17 20:12:47','127.0.0.1','Mozilla/5.0 (Windows NT 6.1) AppleWebKit/535.11 (KHTML, like Gecko) Chrome/17.0.963.79 Safari/535.11'),(37,'Option1',1000,'asd','As','myamatech','','','','2012-03-17 08:13:06','2012-03-17 20:13:06','127.0.0.1','Mozilla/5.0 (Windows NT 6.1) AppleWebKit/535.11 (KHTML, like Gecko) Chrome/17.0.963.79 Safari/535.11'),(38,'',0,'','','','','','','2012-03-17 08:23:03','2012-03-17 20:23:03','127.0.0.1','Mozilla/5.0 (Windows NT 6.1) AppleWebKit/535.11 (KHTML, like Gecko) Chrome/17.0.963.79 Safari/535.11'),(39,'Option2',1000,'asdsd','asd','myamatech','','','','2012-03-17 08:23:24','2012-03-17 20:23:24','127.0.0.1','Mozilla/5.0 (Windows NT 6.1) AppleWebKit/535.11 (KHTML, like Gecko) Chrome/17.0.963.79 Safari/535.11'),(40,'Option2',1000,'asdsd','asd','myamatech','','','','2012-03-17 08:26:00','2012-03-17 20:26:00','127.0.0.1','Mozilla/5.0 (Windows NT 6.1) AppleWebKit/535.11 (KHTML, like Gecko) Chrome/17.0.963.79 Safari/535.11'),(41,'Option2',1000,'asdsd','asd','myamatech','','','','2012-03-17 08:28:31','2012-03-17 20:28:31','127.0.0.1','Mozilla/5.0 (Windows NT 6.1) AppleWebKit/535.11 (KHTML, like Gecko) Chrome/17.0.963.79 Safari/535.11'),(42,'Option2',1000,'asdsd','asd','myamatech','','','','2012-03-17 08:32:30','2012-03-17 20:32:30','127.0.0.1','Mozilla/5.0 (Windows NT 6.1) AppleWebKit/535.11 (KHTML, like Gecko) Chrome/17.0.963.79 Safari/535.11'),(43,'Option2',1000,'asdsd','asd','myamatech','','','','2012-03-17 08:36:21','2012-03-17 20:36:21','127.0.0.1','Mozilla/5.0 (Windows NT 6.1) AppleWebKit/535.11 (KHTML, like Gecko) Chrome/17.0.963.79 Safari/535.11'),(44,'Option2',1000,'asdsd','asd','myamatech','','','','2012-03-17 08:38:03','2012-03-17 20:38:03','127.0.0.1','Mozilla/5.0 (Windows NT 6.1) AppleWebKit/535.11 (KHTML, like Gecko) Chrome/17.0.963.79 Safari/535.11'),(45,'Option2',1000,'asdsd','asd','myamatech','','','','2012-03-17 08:41:45','2012-03-17 20:41:45','127.0.0.1','Mozilla/5.0 (Windows NT 6.1) AppleWebKit/535.11 (KHTML, like Gecko) Chrome/17.0.963.79 Safari/535.11'),(46,'Option2',1000,'asdsd','asd','myamatech','','','','2012-03-17 08:41:52','2012-03-17 20:41:52','127.0.0.1','Mozilla/5.0 (Windows NT 6.1) AppleWebKit/535.11 (KHTML, like Gecko) Chrome/17.0.963.79 Safari/535.11'),(47,'Option2',1000,'asdsd','asd','myamatech','','','','2012-03-17 08:51:22','2012-03-17 20:51:22','127.0.0.1','Mozilla/5.0 (Windows NT 6.1) AppleWebKit/535.11 (KHTML, like Gecko) Chrome/17.0.963.79 Safari/535.11'),(48,'Option2',1000,'asdsd','asd','myamatech','','','','2012-03-17 08:56:26','2012-03-17 20:56:26','127.0.0.1','Mozilla/5.0 (Windows NT 6.1) AppleWebKit/535.11 (KHTML, like Gecko) Chrome/17.0.963.79 Safari/535.11'),(49,'',0,'','','','','','','2012-03-17 08:56:52','2012-03-17 20:56:52','127.0.0.1','Mozilla/5.0 (Windows NT 6.1) AppleWebKit/535.11 (KHTML, like Gecko) Chrome/17.0.963.79 Safari/535.11'),(50,'Option2',1000,'adfsdf','asdad','myamatech','','','','2012-03-17 08:57:26','2012-03-17 20:57:26','127.0.0.1','Mozilla/5.0 (Windows NT 6.1) AppleWebKit/535.11 (KHTML, like Gecko) Chrome/17.0.963.79 Safari/535.11'),(51,'Option2',1000,'adfsdf','asdad','myamatech','','','','2012-03-17 08:58:37','2012-03-17 20:58:37','127.0.0.1','Mozilla/5.0 (Windows NT 6.1) AppleWebKit/535.11 (KHTML, like Gecko) Chrome/17.0.963.79 Safari/535.11'),(52,'Option2',1000,'adfsdf','asdad','myamatech','','','','2012-03-17 08:58:47','2012-03-17 20:58:47','127.0.0.1','Mozilla/5.0 (Windows NT 6.1) AppleWebKit/535.11 (KHTML, like Gecko) Chrome/17.0.963.79 Safari/535.11'),(53,'Option2',1000,'adfsdf','asdad','myamatech','','','','2012-03-17 09:00:29','2012-03-17 21:00:29','127.0.0.1','Mozilla/5.0 (Windows NT 6.1) AppleWebKit/535.11 (KHTML, like Gecko) Chrome/17.0.963.79 Safari/535.11'),(54,'Option2',1000,'adfsdf','asdad','myamatech','','','','2012-03-17 09:03:22','2012-03-17 21:03:22','127.0.0.1','Mozilla/5.0 (Windows NT 6.1) AppleWebKit/535.11 (KHTML, like Gecko) Chrome/17.0.963.79 Safari/535.11'),(55,'Option2',1000,'adfsdf','asdad','myamatech','','','','2012-03-17 09:03:47','2012-03-17 21:03:47','127.0.0.1','Mozilla/5.0 (Windows NT 6.1) AppleWebKit/535.11 (KHTML, like Gecko) Chrome/17.0.963.79 Safari/535.11'),(56,'Option2',1000,'adfsdf','asdad','myamatech','','','','2012-03-17 09:04:37','2012-03-17 21:04:37','127.0.0.1','Mozilla/5.0 (Windows NT 6.1) AppleWebKit/535.11 (KHTML, like Gecko) Chrome/17.0.963.79 Safari/535.11'),(57,'Option2',1000,'adfsdf','asdad','myamatech','','','','2012-03-17 09:04:59','2012-03-17 21:04:59','127.0.0.1','Mozilla/5.0 (Windows NT 6.1) AppleWebKit/535.11 (KHTML, like Gecko) Chrome/17.0.963.79 Safari/535.11'),(58,'',0,'','','','','','','2012-03-17 09:10:28','2012-03-17 21:10:28','127.0.0.1','Mozilla/5.0 (Windows NT 6.1) AppleWebKit/535.11 (KHTML, like Gecko) Chrome/17.0.963.79 Safari/535.11'),(59,'',0,'','','','','','','2012-03-17 09:10:35','2012-03-17 21:10:35','127.0.0.1','Mozilla/5.0 (Windows NT 6.1) AppleWebKit/535.11 (KHTML, like Gecko) Chrome/17.0.963.79 Safari/535.11'),(60,'',0,'','','','','','','2012-03-17 09:10:39','2012-03-17 21:10:39','127.0.0.1','Mozilla/5.0 (Windows NT 6.1) AppleWebKit/535.11 (KHTML, like Gecko) Chrome/17.0.963.79 Safari/535.11'),(61,'',0,'','','','','','','2012-03-17 09:10:45','2012-03-17 21:10:45','127.0.0.1','Mozilla/5.0 (Windows NT 6.1) AppleWebKit/535.11 (KHTML, like Gecko) Chrome/17.0.963.79 Safari/535.11'),(62,'',0,'','','','','','','2012-03-17 09:26:08','2012-03-17 21:26:08','127.0.0.1','Mozilla/5.0 (Windows NT 6.1) AppleWebKit/535.11 (KHTML, like Gecko) Chrome/17.0.963.79 Safari/535.11'),(63,'Option2',1000,'asdas','asdasd','myamatech','','','','2012-03-17 09:26:27','2012-03-17 21:26:27','127.0.0.1','Mozilla/5.0 (Windows NT 6.1) AppleWebKit/535.11 (KHTML, like Gecko) Chrome/17.0.963.79 Safari/535.11'),(64,'Option2',1000,'asdas','asdasd','myamatech','','','','2012-03-17 09:26:53','2012-03-17 21:26:53','127.0.0.1','Mozilla/5.0 (Windows NT 6.1) AppleWebKit/535.11 (KHTML, like Gecko) Chrome/17.0.963.79 Safari/535.11'),(65,'Option3',1000,'asdas','asdasd','myamatech','','','','2012-03-17 09:28:55','2012-03-17 21:28:55','127.0.0.1','Mozilla/5.0 (Windows NT 6.1) AppleWebKit/535.11 (KHTML, like Gecko) Chrome/17.0.963.79 Safari/535.11'),(66,'Option3',1000,'asdas','asdasd','myamatech','','','','2012-03-17 09:29:18','2012-03-17 21:29:18','127.0.0.1','Mozilla/5.0 (Windows NT 6.1) AppleWebKit/535.11 (KHTML, like Gecko) Chrome/17.0.963.79 Safari/535.11'),(67,'Option3',1000,'asdas','asdasd','myamatech','','','','2012-03-17 09:30:25','2012-03-17 21:30:25','127.0.0.1','Mozilla/5.0 (Windows NT 6.1) AppleWebKit/535.11 (KHTML, like Gecko) Chrome/17.0.963.79 Safari/535.11'),(68,'Option3',1000,'asdas','asdasd','myamatech','','','','2012-03-17 09:30:46','2012-03-17 21:30:46','127.0.0.1','Mozilla/5.0 (Windows NT 6.1) AppleWebKit/535.11 (KHTML, like Gecko) Chrome/17.0.963.79 Safari/535.11'),(69,'Option3',1000,'asdas','asdasd','myamatech','','','','2012-03-17 09:35:52','2012-03-17 21:35:52','127.0.0.1','Mozilla/5.0 (Windows NT 6.1) AppleWebKit/535.11 (KHTML, like Gecko) Chrome/17.0.963.79 Safari/535.11'),(70,'Option3',1000,'asdas','asdasd','myamatech','','','','2012-03-17 09:40:49','2012-03-17 21:40:49','127.0.0.1','Mozilla/5.0 (Windows NT 6.1) AppleWebKit/535.11 (KHTML, like Gecko) Chrome/17.0.963.79 Safari/535.11'),(71,'',0,'','','','','','','2012-03-17 09:45:02','2012-03-17 21:45:02','127.0.0.1','Mozilla/5.0 (Windows NT 6.1) AppleWebKit/535.11 (KHTML, like Gecko) Chrome/17.0.963.79 Safari/535.11'),(72,'Option3',1000,'55','sda','myamatech','','','','2012-03-17 09:45:19','2012-03-17 21:45:19','127.0.0.1','Mozilla/5.0 (Windows NT 6.1) AppleWebKit/535.11 (KHTML, like Gecko) Chrome/17.0.963.79 Safari/535.11'),(73,'',0,'','','','','','','2012-03-17 09:52:13','2012-03-17 21:52:13','127.0.0.1','Mozilla/5.0 (Windows NT 6.1) AppleWebKit/535.11 (KHTML, like Gecko) Chrome/17.0.963.79 Safari/535.11'),(74,'Option3',1000,'','','myamatech','','','','2012-03-17 09:52:24','2012-03-17 21:52:24','127.0.0.1','Mozilla/5.0 (Windows NT 6.1) AppleWebKit/535.11 (KHTML, like Gecko) Chrome/17.0.963.79 Safari/535.11'),(75,'Option1',1000,'Asdads','Asdasd','myamatech','','','','2012-03-17 09:57:59','2012-03-17 21:57:59','127.0.0.1','Mozilla/5.0 (Windows NT 6.1) AppleWebKit/535.11 (KHTML, like Gecko) Chrome/17.0.963.79 Safari/535.11'),(76,'',0,'','','','','','','2012-03-17 09:58:18','2012-03-17 21:58:18','127.0.0.1','Mozilla/5.0 (Windows NT 6.1) AppleWebKit/535.11 (KHTML, like Gecko) Chrome/17.0.963.79 Safari/535.11'),(77,'Option1',1000,'Asdads','Asdasd','myamatech','','','','2012-03-17 10:00:06','2012-03-17 22:00:06','127.0.0.1','Mozilla/5.0 (Windows NT 6.1) AppleWebKit/535.11 (KHTML, like Gecko) Chrome/17.0.963.79 Safari/535.11'),(78,'Option1',1000,'Asdads','Asdasd','myamatech','','','','2012-03-17 10:00:46','2012-03-17 22:00:46','127.0.0.1','Mozilla/5.0 (Windows NT 6.1) AppleWebKit/535.11 (KHTML, like Gecko) Chrome/17.0.963.79 Safari/535.11'),(79,'Option1',1000,'Asdads','Asdasd','myamatech','','','','2012-03-17 10:02:21','2012-03-17 22:02:21','127.0.0.1','Mozilla/5.0 (Windows NT 6.1) AppleWebKit/535.11 (KHTML, like Gecko) Chrome/17.0.963.79 Safari/535.11'),(80,'Option1',1000,'Asdads','Asdasd','myamatech','','','','2012-03-17 10:17:00','2012-03-17 22:17:00','127.0.0.1','Mozilla/5.0 (Windows NT 6.1) AppleWebKit/535.11 (KHTML, like Gecko) Chrome/17.0.963.79 Safari/535.11'),(81,'Option1',1000,'Asdads','Asdasd','myamatech','','','','2012-03-17 10:17:53','2012-03-17 22:17:53','127.0.0.1','Mozilla/5.0 (Windows NT 6.1) AppleWebKit/535.11 (KHTML, like Gecko) Chrome/17.0.963.79 Safari/535.11'),(82,'Option1',1000,'Asdads','Asdasd','myamatech','','','','2012-03-17 10:18:13','2012-03-17 22:18:13','127.0.0.1','Mozilla/5.0 (Windows NT 6.1) AppleWebKit/535.11 (KHTML, like Gecko) Chrome/17.0.963.79 Safari/535.11'),(83,'Option1',1000,'Asdads','Asdasd','myamatech','','','','2012-03-17 10:43:11','2012-03-17 22:43:11','127.0.0.1','Mozilla/5.0 (Windows NT 6.1) AppleWebKit/535.11 (KHTML, like Gecko) Chrome/17.0.963.79 Safari/535.11'),(84,'Option1',1000,'Asdads','Asdasd','myamatech','','','','2012-03-17 10:43:21','2012-03-17 22:43:21','127.0.0.1','Mozilla/5.0 (Windows NT 6.1) AppleWebKit/535.11 (KHTML, like Gecko) Chrome/17.0.963.79 Safari/535.11'),(85,'',0,'','','','','','','2012-03-17 10:44:50','2012-03-17 22:44:50','127.0.0.1','Mozilla/5.0 (Windows NT 6.1) AppleWebKit/535.11 (KHTML, like Gecko) Chrome/17.0.963.79 Safari/535.11'),(86,'Option1',1000,'Ant','Ampa','Conan','','','','2012-03-17 10:45:14','2012-03-17 22:45:14','127.0.0.1','Mozilla/5.0 (Windows NT 6.1) AppleWebKit/535.11 (KHTML, like Gecko) Chrome/17.0.963.79 Safari/535.11'),(87,'Option1',1000,'Ant','Ampa','Conan','','','','2012-03-17 10:47:39','2012-03-17 22:47:39','127.0.0.1','Mozilla/5.0 (Windows NT 6.1) AppleWebKit/535.11 (KHTML, like Gecko) Chrome/17.0.963.79 Safari/535.11');

/*Table structure for table `upload_files` */

DROP TABLE IF EXISTS `upload_files`;

CREATE TABLE `upload_files` (
  `upload_files_id` int(11) NOT NULL AUTO_INCREMENT,
  `upload_files_upload_id` int(11) DEFAULT '0',
  `upload_files_filename` varchar(255) DEFAULT NULL,
  `upload_files_filetype` varchar(255) DEFAULT NULL,
  `upload_files_filesize` varchar(255) DEFAULT NULL,
  `upload_files_fileindex` varchar(80) DEFAULT NULL,
  `upload_files_fileerror` varchar(255) DEFAULT NULL,
  PRIMARY KEY (`upload_files_id`)
) ENGINE=InnoDB AUTO_INCREMENT=59 DEFAULT CHARSET=utf8;

/*Data for the table `upload_files` */

insert  into `upload_files`(`upload_files_id`,`upload_files_upload_id`,`upload_files_filename`,`upload_files_filetype`,`upload_files_filesize`,`upload_files_fileindex`,`upload_files_fileerror`) values (1,3,'admin_v0.png','image/png','67296','C:wamp	mpphp8F8D.tmp','0'),(2,4,'','','0','','4'),(3,6,'admin_v0.png','image/png','67296','C:wamp	mpphpAB2.tmp','0'),(4,9,'admin_v0.png','image/png','67296','C:wamp	mpphpDD24.tmp','0'),(5,13,'admin_v0.png','image/png','67296','C:wamp	mpphpF960.tmp','0'),(6,17,'Chrysanthemum.jpg','image/jpeg','879394','C:wamp	mpphp3C50.tmp','0'),(7,22,'Chrysanthemum.jpg','image/jpeg','879394','C:wamp	mpphp7E8B.tmp','0'),(8,23,'Desert.jpg','image/jpeg','845941','C:wamp	mpphp81B9.tmp','0'),(9,24,'Desert.jpg','image/jpeg','845941','C:wamp	mpphpEDF9.tmp','0'),(10,25,'Hydrangeas.jpg','image/jpeg','595284','C:wamp	mpphpF0F7.tmp','0'),(11,26,'Koala.jpg','image/jpeg','780831','C:wamp	mpphpCF54.tmp','0'),(12,27,'Lighthouse.jpg','image/jpeg','561276','C:wamp	mpphpD2A1.tmp','0'),(13,28,'Penguins.jpg','image/jpeg','777835','C:wamp	mpphpD5CF.tmp','0'),(14,29,'Jellyfish.jpg','image/jpeg','775702','C:wamp	mpphpFA92.tmp','0'),(15,30,'Koala.jpg','image/jpeg','780831','C:wamp	mpphpFD91.tmp','0'),(16,31,'t.csv','application/vnd.ms-excel','335','C:wamp	mpphp29EE.tmp','0'),(17,32,'t.csv','application/vnd.ms-excel','335','C:wamp	mpphpA43C.tmp','0'),(18,33,'t.csv','application/vnd.ms-excel','335','C:wamp	mpphp737B.tmp','0'),(19,34,'w500h500_18-4-11-ABARTSOUMIAN-MIKAELIAN.jpg','image/jpeg','20560','C:wamp	mpphpFCD9.tmp','0'),(20,37,'t.csv','application/vnd.ms-excel','335','C:wamp	mpphp70F5.tmp','0'),(21,39,'w500h500_18-4-11-ABARTSOUMIAN-MIKAELIAN.jpg','image/jpeg','20560','C:wamp	mpphpD6B1.tmp','0'),(22,40,'t.csv','application/vnd.ms-excel','335','C:wamp	mpphp432E.tmp','0'),(23,41,'w500h500_18-4-11-ABARTSOUMIAN-MIKAELIAN.jpg','image/jpeg','20560','C:wamp	mpphp8E0B.tmp','0'),(24,42,'w500h500_18-4-11-ABARTSOUMIAN-MIKAELIAN.jpg','image/jpeg','20560','C:wamp	mpphp347F.tmp','0'),(25,43,'t.csv','application/vnd.ms-excel','335','C:wamp	mpphpBC70.tmp','0'),(26,44,'t.csv','application/vnd.ms-excel','335','C:wamp	mpphp49A9.tmp','0'),(27,45,'t.csv','application/vnd.ms-excel','335','C:wamp	mpphpAE62.tmp','0'),(28,46,'w500h500_18-4-11-ABARTSOUMIAN-MIKAELIAN.jpg','image/jpeg','20560','C:wamp	mpphpB0A5.tmp','0'),(29,47,'w500h500_18-4-11-ABARTSOUMIAN-MIKAELIAN.jpg','image/jpeg','20560','C:wamp	mpphp79BC.tmp','0'),(30,50,'w500h500_18-4-11-ABARTSOUMIAN-MIKAELIAN.jpg','image/jpeg','20560','C:wamp	mpphp923.tmp','0'),(31,51,'t.csv','application/vnd.ms-excel','335','C:wamp	mpphp1F77.tmp','0'),(32,52,'Chrysanthemum.jpg','image/jpeg','879394','C:wamp	mpphp2247.tmp','0'),(33,53,'Koala.jpg','image/jpeg','780831','C:wamp	mpphpD403.tmp','0'),(34,54,'Desert.jpg','image/jpeg','845941','C:wamp	mpphp7675.tmp','0'),(35,55,'Hydrangeas.jpg','image/jpeg','595284','C:wamp	mpphp7993.tmp','0'),(36,56,'Desert.jpg','image/jpeg','845941','C:wamp	mpphp9B23.tmp','0'),(37,57,'Koala.jpg','image/jpeg','780831','C:wamp	mpphp9DA5.tmp','0'),(38,63,'Desert.jpg','image/jpeg','845941','C:wamp	mpphp9A0D.tmp','0'),(39,64,'Penguins.jpg','image/jpeg','777835','C:wamp	mpphp9C9E.tmp','0'),(40,65,'Chrysanthemum.jpg','image/jpeg','879394','C:wamp	mpphpDD2B.tmp','0'),(41,66,'Desert.jpg','image/jpeg','845941','C:wamp	mpphpDF9D.tmp','0'),(42,67,'Chrysanthemum.jpg','image/jpeg','879394','C:wamp	mpphp3ABB.tmp','0'),(43,68,'Desert.jpg','image/jpeg','845941','C:wamp	mpphp3D0E.tmp','0'),(44,69,'Chrysanthemum.jpg','image/jpeg','879394','C:wamp	mpphp38C3.tmp','0'),(45,70,'Desert.jpg','image/jpeg','845941','C:wamp	mpphpC0CF.tmp','0'),(46,72,'Koala.jpg','','0','','3'),(47,74,'Koala.jpg','image/jpeg','780831','C:wamp	mpphp5D31.tmp','0'),(48,75,'Penguins.jpg','image/jpeg','777835','C:wamp	mpphp78A3.tmp','0'),(49,77,'Penguins.jpg','image/jpeg','777835','C:wamp	mpphp690B.tmp','0'),(50,78,'Penguins.jpg','image/jpeg','777835','C:wamp	mpphp4DF.tmp','0'),(51,79,'Penguins.jpg','image/jpeg','777835','C:wamp	mpphp76D0.tmp','0'),(52,80,'Penguins.jpg','image/jpeg','777835','C:wamp	mpphpDFFD.tmp','0'),(53,81,'Lighthouse.jpg','image/jpeg','561276','C:wamp	mpphpB1B7.tmp','0'),(54,82,'Penguins.jpg','image/jpeg','777835','C:wamp	mpphpB448.tmp','0'),(55,83,'cs-cart-mysql-odbc.dsn','application/octet-stream','119','C:wamp	mpphpDB0D.tmp','0'),(56,84,'sss.xml','text/xml','331','C:wamp	mpphpDDCD.tmp','0'),(57,86,'Koala.jpg','image/jpeg','780831','C:wamp	mpphpB9F3.tmp','0'),(58,87,'Koala.jpg','image/jpeg','780831','C:wamp	mpphpF149.tmp','0');

/*!40101 SET SQL_MODE=@OLD_SQL_MODE */;
/*!40014 SET FOREIGN_KEY_CHECKS=@OLD_FOREIGN_KEY_CHECKS */;
